networking,cloud,hybrid,Best_fit_Job
none,AWS Certified Solutions Architect,Az-900,Cloud Engineer
CCNA,Google Associate Cloud Engineer,Az-900,Junior Cloud Administrator
Cisco DevNet Associate,AZ-900 (Azure Fundamentals),Az-700,Azure Network Engineer
Cisco DevNet Associate,AWS Certified Solutions Architect,Az-700,Azure Network Engineer
CCNA,AZ-900 (Azure Fundamentals),Az-900,Junior Cloud Administrator
CCNA,AWS Certified Cloud Practitioner,Az-700,Azure Network Engineer
CCNA,none,Az-700,Azure Network Engineer
CCNA,none,Az-900,Cloud Engineer
CCNA,none,none,Junior Network Analyst
CCNA,none,Az-700,Azure Network Engineer
none,AWS Certified Solutions Architect,Az-700,Azure Network Engineer
CCNA,AWS Certified Solutions Architect,none,Junior Cloud Solutions Architect
Cisco DevNet Associate,AWS Certified Cloud Practitioner,Az-700,Azure Network Engineer
none,AWS Certified Solutions Architect,Az-900,Cloud Infrastructure Engineer
Cisco DevNet Associate,AWS Certified Cloud Practitioner,Az-900,Cloud Infrastructure Engineer
none,AWS Certified Cloud Practitioner,Az-900,Cloud Engineer
CCNA,Google Associate Cloud Engineer,Az-700,Azure Network Engineer
none,none,Az-900,Junior Cloud Administrator
Cisco DevNet Associate,none,Az-900,Cloud Engineer
none,Google Associate Cloud Engineer,Az-900,Cloud Engineer
Cisco DevNet Associate,none,none,IT Automation Specialist
Cisco DevNet Associate,AZ-900 (Azure Fundamentals),Az-900,Junior Cloud Administrator
CCNA,AWS Certified Solutions Architect,none,Junior Cloud Solutions Architect
Cisco DevNet Associate,AWS Certified Solutions Architect,Az-900,Cloud Support Associate
Cisco DevNet Associate,AZ-900 (Azure Fundamentals),Az-700,Azure Network Engineer
Cisco DevNet Associate,AZ-900 (Azure Fundamentals),Az-900,Junior Cloud Administrator
Cisco DevNet Associate,AWS Certified Solutions Architect,none,Cloud Engineer
CCNA,AWS Certified Solutions Architect,Az-900,Cloud Engineer
Cisco DevNet Associate,AWS Certified Cloud Practitioner,Az-700,Azure Network Engineer
Cisco DevNet Associate,Google Associate Cloud Engineer,Az-900,Cloud Infrastructure Engineer
CCNA,Google Associate Cloud Engineer,Az-900,Cloud Engineer
Cisco DevNet Associate,Google Associate Cloud Engineer,Az-700,Azure Network Engineer
CCNA,AWS Certified Cloud Practitioner,none,Cloud Deployment Engineer
none,AZ-900 (Azure Fundamentals),Az-700,Azure Network Engineer
none,AZ-900 (Azure Fundamentals),Az-900,Junior Cloud Administrator
none,AWS Certified Solutions Architect,Az-700,Azure Network Engineer
Cisco DevNet Associate,Google Associate Cloud Engineer,none,Network Automation Engineer
CCNA,AWS Certified Cloud Practitioner,none,Network Support Engineer
none,AWS Certified Cloud Practitioner,Az-900,Cloud Engineer
CCNA,AZ-900 (Azure Fundamentals),Az-900,Junior Cloud Administrator
CCNA,Google Associate Cloud Engineer,Az-900,Junior Cloud Administrator
CCNA,none,none,Network Support Engineer
Cisco DevNet Associate,AWS Certified Cloud Practitioner,Az-900,Cloud Support Associate
Cisco DevNet Associate,Google Associate Cloud Engineer,none,Network Automation Engineer
Cisco DevNet Associate,AZ-900 (Azure Fundamentals),none,DevOps Support
Cisco DevNet Associate,AWS Certified Cloud Practitioner,none,Network Automation Engineer
Cisco DevNet Associate,AZ-900 (Azure Fundamentals),none,DevOps Support
Cisco DevNet Associate,AWS Certified Cloud Practitioner,Az-900,Junior Cloud Administrator
CCNA,none,none,Junior Network Analyst
none,AZ-900 (Azure Fundamentals),Az-900,Cloud Support Associate
none,Google Associate Cloud Engineer,Az-700,Azure Network Engineer
CCNA,none,Az-900,Cloud Infrastructure Engineer
CCNA,AZ-900 (Azure Fundamentals),none,Cloud Deployment Engineer
CCNA,Google Associate Cloud Engineer,Az-900,Cloud Support Associate
Cisco DevNet Associate,none,Az-900,Junior Cloud Administrator
CCNA,AZ-900 (Azure Fundamentals),none,Cloud Deployment Engineer
CCNA,Google Associate Cloud Engineer,Az-900,Cloud Infrastructure Engineer
CCNA,none,none,Junior Network Analyst
none,Google Associate Cloud Engineer,Az-900,Junior Cloud Administrator
none,Google Associate Cloud Engineer,Az-700,Azure Network Engineer
none,AWS Certified Solutions Architect,Az-900,Junior Cloud Administrator
none,Google Associate Cloud Engineer,none,Cloud Deployment Engineer
none,AWS Certified Cloud Practitioner,Az-900,Cloud Infrastructure Engineer
none,AZ-900 (Azure Fundamentals),Az-900,Junior Cloud Administrator
CCNA,AZ-900 (Azure Fundamentals),Az-900,Cloud Engineer
none,AZ-900 (Azure Fundamentals),none,Cloud Operations Intern
CCNA,none,Az-900,Cloud Infrastructure Engineer
none,none,Az-700,Azure Network Engineer
CCNA,AZ-900 (Azure Fundamentals),Az-900,Cloud Infrastructure Engineer
Cisco DevNet Associate,Google Associate Cloud Engineer,none,Network Automation Engineer
none,AWS Certified Cloud Practitioner,Az-900,Cloud Infrastructure Engineer
Cisco DevNet Associate,AWS Certified Cloud Practitioner,none,IT Automation Specialist
CCNA,none,Az-700,Azure Network Engineer
CCNA,AZ-900 (Azure Fundamentals),none,Network Support Engineer
none,AWS Certified Cloud Practitioner,Az-700,Azure Network Engineer
none,Google Associate Cloud Engineer,Az-700,Azure Network Engineer
Cisco DevNet Associate,AWS Certified Cloud Practitioner,Az-700,Azure Network Engineer
CCNA,AZ-900 (Azure Fundamentals),Az-700,Azure Network Engineer
Cisco DevNet Associate,Google Associate Cloud Engineer,none,Network Automation Engineer
none,AZ-900 (Azure Fundamentals),Az-700,Azure Network Engineer
CCNA,Google Associate Cloud Engineer,Az-900,Cloud Engineer
Cisco DevNet Associate,none,Az-700,Azure Network Engineer
none,AWS Certified Solutions Architect,Az-900,Cloud Support Associate
CCNA,AWS Certified Cloud Practitioner,Az-900,Cloud Engineer
CCNA,AZ-900 (Azure Fundamentals),none,Cloud Engineer
none,AZ-900 (Azure Fundamentals),none,Cloud Support Associate
CCNA,AWS Certified Solutions Architect,none,Cloud Engineer
none,Google Associate Cloud Engineer,none,Cloud Deployment Engineer
none,AZ-900 (Azure Fundamentals),Az-700,Azure Network Engineer
CCNA,AWS Certified Cloud Practitioner,Az-900,Cloud Support Associate
CCNA,AWS Certified Solutions Architect,Az-700,Azure Network Engineer
Cisco DevNet Associate,none,Az-900,Junior Cloud Administrator
CCNA,AZ-900 (Azure Fundamentals),Az-900,Junior Cloud Administrator
none,AZ-900 (Azure Fundamentals),Az-700,Azure Network Engineer
Cisco DevNet Associate,AWS Certified Solutions Architect,Az-700,Azure Network Engineer
none,AZ-900 (Azure Fundamentals),none,Cloud Support Associate
CCNA,AWS Certified Solutions Architect,none,Junior Cloud Solutions Architect
none,none,Az-900,Junior Cloud Administrator
Cisco DevNet Associate,AWS Certified Solutions Architect,Az-700,Azure Network Engineer
none,Google Associate Cloud Engineer,Az-700,Azure Network Engineer
CCNA,AWS Certified Cloud Practitioner,none,Cloud Deployment Engineer
none,AWS Certified Solutions Architect,Az-900,Cloud Support Associate
CCNA,AZ-900 (Azure Fundamentals),none,Cloud Deployment Engineer
CCNA,Google Associate Cloud Engineer,none,Cloud Infrastructure Engineer
Cisco DevNet Associate,AWS Certified Solutions Architect,Az-900,Cloud Engineer
CCNA,AWS Certified Cloud Practitioner,none,Cloud Engineer
Cisco DevNet Associate,none,none,DevOps Support
Cisco DevNet Associate,none,Az-700,Azure Network Engineer
Cisco DevNet Associate,AWS Certified Cloud Practitioner,Az-700,Azure Network Engineer
Cisco DevNet Associate,AWS Certified Solutions Architect,none,Cloud Engineer
CCNA,Google Associate Cloud Engineer,none,Cloud Engineer
CCNA,AWS Certified Solutions Architect,Az-700,Azure Network Engineer
Cisco DevNet Associate,none,Az-900,Junior Cloud Administrator
none,AWS Certified Solutions Architect,none,Cloud Engineer
CCNA,AZ-900 (Azure Fundamentals),Az-900,Junior Cloud Administrator
none,AWS Certified Solutions Architect,none,Cloud Engineer
Cisco DevNet Associate,AZ-900 (Azure Fundamentals),Az-900,Cloud Support Associate
CCNA,AZ-900 (Azure Fundamentals),none,Cloud Infrastructure Engineer
Cisco DevNet Associate,Google Associate Cloud Engineer,none,IT Automation Specialist
Cisco DevNet Associate,none,none,Junior Network Programmer
CCNA,AZ-900 (Azure Fundamentals),Az-700,Azure Network Engineer
CCNA,AWS Certified Solutions Architect,Az-700,Azure Network Engineer
CCNA,none,Az-900,Cloud Engineer
CCNA,Google Associate Cloud Engineer,none,Cloud Engineer
CCNA,none,Az-900,Cloud Infrastructure Engineer
none,none,Az-700,Azure Network Engineer
Cisco DevNet Associate,Google Associate Cloud Engineer,Az-900,Cloud Support Associate
none,none,none,Network Support Engineer
none,Google Associate Cloud Engineer,Az-700,Azure Network Engineer
Cisco DevNet Associate,none,none,DevOps Support
none,AWS Certified Cloud Practitioner,Az-700,Azure Network Engineer
Cisco DevNet Associate,AWS Certified Cloud Practitioner,none,IT Automation Specialist
Cisco DevNet Associate,AWS Certified Cloud Practitioner,Az-700,Azure Network Engineer
CCNA,Google Associate Cloud Engineer,none,Network Support Engineer
CCNA,AZ-900 (Azure Fundamentals),Az-700,Azure Network Engineer
CCNA,Google Associate Cloud Engineer,none,Cloud Deployment Engineer
Cisco DevNet Associate,AWS Certified Cloud Practitioner,none,Network Automation Engineer
CCNA,Google Associate Cloud Engineer,Az-700,Azure Network Engineer
none,AZ-900 (Azure Fundamentals),Az-900,Cloud Support Associate
none,AWS Certified Cloud Practitioner,Az-900,Cloud Infrastructure Engineer
none,AWS Certified Solutions Architect,Az-700,Azure Network Engineer
Cisco DevNet Associate,none,Az-700,Azure Network Engineer
CCNA,AWS Certified Solutions Architect,none,Cloud Infrastructure Engineer
CCNA,none,Az-700,Azure Network Engineer
none,AWS Certified Solutions Architect,Az-900,Cloud Engineer
CCNA,AWS Certified Cloud Practitioner,none,Cloud Engineer
CCNA,none,Az-700,Azure Network Engineer
none,none,none,Network Support Engineer
none,AWS Certified Cloud Practitioner,Az-700,Azure Network Engineer
Cisco DevNet Associate,AZ-900 (Azure Fundamentals),none,DevOps Support
Cisco DevNet Associate,AWS Certified Solutions Architect,Az-700,Azure Network Engineer
Cisco DevNet Associate,Google Associate Cloud Engineer,none,Network Automation Engineer
CCNA,AWS Certified Solutions Architect,Az-700,Azure Network Engineer
CCNA,AWS Certified Solutions Architect,none,Junior Cloud Solutions Architect
Cisco DevNet Associate,none,none,IT Automation Specialist
CCNA,AZ-900 (Azure Fundamentals),none,Cloud Infrastructure Engineer
none,none,none,Network Support Engineer
CCNA,Google Associate Cloud Engineer,none,Cloud Engineer
Cisco DevNet Associate,Google Associate Cloud Engineer,Az-700,Azure Network Engineer
none,none,Az-900,Cloud Support Associate
none,AWS Certified Solutions Architect,Az-900,Cloud Support Associate
CCNA,Google Associate Cloud Engineer,Az-700,Azure Network Engineer
none,AWS Certified Solutions Architect,Az-900,Cloud Support Associate
CCNA,AWS Certified Cloud Practitioner,Az-900,Cloud Engineer
none,Google Associate Cloud Engineer,Az-900,Cloud Support Associate
Cisco DevNet Associate,AWS Certified Solutions Architect,Az-900,Cloud Infrastructure Engineer
CCNA,AZ-900 (Azure Fundamentals),Az-700,Azure Network Engineer
Cisco DevNet Associate,AWS Certified Cloud Practitioner,Az-900,Junior Cloud Administrator
Cisco DevNet Associate,AWS Certified Solutions Architect,Az-700,Azure Network Engineer
Cisco DevNet Associate,AZ-900 (Azure Fundamentals),Az-900,Cloud Engineer
CCNA,AZ-900 (Azure Fundamentals),Az-700,Azure Network Engineer
Cisco DevNet Associate,AWS Certified Cloud Practitioner,Az-900,Cloud Engineer
Cisco DevNet Associate,Google Associate Cloud Engineer,Az-900,Cloud Engineer
Cisco DevNet Associate,AZ-900 (Azure Fundamentals),none,Network Automation Engineer
none,AZ-900 (Azure Fundamentals),Az-900,Junior Cloud Administrator
CCNA,AWS Certified Cloud Practitioner,none,Cloud Deployment Engineer
none,none,none,Technical Support Specialist
CCNA,none,Az-900,Cloud Infrastructure Engineer
none,AWS Certified Solutions Architect,Az-700,Azure Network Engineer
CCNA,AWS Certified Cloud Practitioner,none,Cloud Engineer
Cisco DevNet Associate,AWS Certified Cloud Practitioner,Az-700,Azure Network Engineer
CCNA,Google Associate Cloud Engineer,Az-900,Cloud Support Associate
Cisco DevNet Associate,AZ-900 (Azure Fundamentals),none,IT Automation Specialist
CCNA,AWS Certified Solutions Architect,Az-700,Azure Network Engineer
CCNA,AWS Certified Cloud Practitioner,none,Cloud Deployment Engineer
none,AZ-900 (Azure Fundamentals),none,Junior Cloud Administrator
none,AWS Certified Cloud Practitioner,Az-900,Cloud Support Associate
Cisco DevNet Associate,none,Az-900,Junior Cloud Administrator
CCNA,Google Associate Cloud Engineer,none,Network Support Engineer
Cisco DevNet Associate,AZ-900 (Azure Fundamentals),none,DevOps Support
none,none,Az-900,Cloud Support Associate
Cisco DevNet Associate,Google Associate Cloud Engineer,none,DevOps Support
CCNA,AZ-900 (Azure Fundamentals),none,Cloud Deployment Engineer
none,none,none,Technical Support Specialist
Cisco DevNet Associate,Google Associate Cloud Engineer,Az-900,Cloud Infrastructure Engineer
Cisco DevNet Associate,AWS Certified Cloud Practitioner,Az-900,Junior Cloud Administrator
Cisco DevNet Associate,AZ-900 (Azure Fundamentals),none,IT Automation Specialist
none,Google Associate Cloud Engineer,Az-700,Azure Network Engineer
none,none,Az-700,Azure Network Engineer
CCNA,AWS Certified Solutions Architect,Az-900,Junior Cloud Administrator
none,AZ-900 (Azure Fundamentals),none,Cloud Operations Intern
none,AWS Certified Solutions Architect,Az-900,Cloud Infrastructure Engineer
Cisco DevNet Associate,Google Associate Cloud Engineer,none,DevOps Support
none,Google Associate Cloud Engineer,Az-900,Cloud Support Associate
Cisco DevNet Associate,AWS Certified Cloud Practitioner,Az-900,Cloud Infrastructure Engineer
none,AZ-900 (Azure Fundamentals),Az-900,Cloud Support Associate
CCNA,Google Associate Cloud Engineer,Az-700,Azure Network Engineer
CCNA,AZ-900 (Azure Fundamentals),Az-700,Azure Network Engineer
Cisco DevNet Associate,AWS Certified Solutions Architect,none,Cloud Engineer
Cisco DevNet Associate,AZ-900 (Azure Fundamentals),none,Network Automation Engineer
none,AZ-900 (Azure Fundamentals),Az-700,Azure Network Engineer
CCNA,Google Associate Cloud Engineer,Az-700,Azure Network Engineer
CCNA,none,Az-700,Azure Network Engineer
CCNA,AWS Certified Cloud Practitioner,Az-900,Cloud Infrastructure Engineer
Cisco DevNet Associate,Google Associate Cloud Engineer,Az-900,Cloud Infrastructure Engineer
none,AZ-900 (Azure Fundamentals),Az-900,Cloud Infrastructure Engineer
Cisco DevNet Associate,AWS Certified Cloud Practitioner,none,Network Automation Engineer
CCNA,none,Az-900,Cloud Infrastructure Engineer
Cisco DevNet Associate,none,Az-900,Cloud Support Associate
CCNA,AZ-900 (Azure Fundamentals),Az-900,Cloud Infrastructure Engineer
none,AWS Certified Cloud Practitioner,none,Cloud Support Associate
none,AWS Certified Solutions Architect,none,Junior Cloud Solutions Architect
CCNA,none,none,Junior Network Analyst
none,Google Associate Cloud Engineer,none,Cloud Infrastructure Engineer
none,AWS Certified Solutions Architect,Az-900,Cloud Support Associate
Cisco DevNet Associate,AWS Certified Cloud Practitioner,Az-900,Cloud Infrastructure Engineer
none,AWS Certified Cloud Practitioner,none,Junior Cloud Administrator
Cisco DevNet Associate,AZ-900 (Azure Fundamentals),none,Network Automation Engineer
CCNA,none,Az-700,Azure Network Engineer
none,none,none,Technical Support Specialist
Cisco DevNet Associate,none,none,Network Automation Engineer
none,AZ-900 (Azure Fundamentals),none,Junior Cloud Administrator
CCNA,AWS Certified Cloud Practitioner,none,Cloud Engineer
none,AZ-900 (Azure Fundamentals),none,Technical Support Specialist
none,AWS Certified Solutions Architect,Az-700,Azure Network Engineer
CCNA,AWS Certified Cloud Practitioner,Az-700,Azure Network Engineer
Cisco DevNet Associate,AWS Certified Solutions Architect,Az-700,Azure Network Engineer
Cisco DevNet Associate,AWS Certified Cloud Practitioner,Az-900,Cloud Support Associate
CCNA,AWS Certified Cloud Practitioner,none,Cloud Deployment Engineer
Cisco DevNet Associate,Google Associate Cloud Engineer,none,DevOps Support
CCNA,none,none,Network Support Engineer
Cisco DevNet Associate,none,Az-700,Azure Network Engineer
Cisco DevNet Associate,AZ-900 (Azure Fundamentals),Az-900,Cloud Engineer
CCNA,Google Associate Cloud Engineer,Az-900,Junior Cloud Administrator
none,Google Associate Cloud Engineer,none,Cloud Infrastructure Engineer
none,AWS Certified Solutions Architect,none,Cloud Engineer
Cisco DevNet Associate,Google Associate Cloud Engineer,Az-900,Junior Cloud Administrator
none,AZ-900 (Azure Fundamentals),Az-900,Cloud Engineer
none,AWS Certified Cloud Practitioner,Az-700,Azure Network Engineer
CCNA,AZ-900 (Azure Fundamentals),Az-900,Cloud Engineer
none,AWS Certified Solutions Architect,none,Junior Cloud Solutions Architect
CCNA,AWS Certified Cloud Practitioner,Az-700,Azure Network Engineer
Cisco DevNet Associate,AWS Certified Cloud Practitioner,none,DevOps Support
Cisco DevNet Associate,AWS Certified Cloud Practitioner,Az-900,Junior Cloud Administrator
CCNA,AWS Certified Solutions Architect,Az-700,Azure Network Engineer
Cisco DevNet Associate,AWS Certified Cloud Practitioner,none,DevOps Support
none,Google Associate Cloud Engineer,none,Cloud Infrastructure Engineer
Cisco DevNet Associate,AZ-900 (Azure Fundamentals),none,DevOps Support
none,AWS Certified Solutions Architect,none,Cloud Engineer
none,AWS Certified Solutions Architect,Az-700,Azure Network Engineer
none,AWS Certified Cloud Practitioner,none,Cloud Support Associate
Cisco DevNet Associate,Google Associate Cloud Engineer,Az-900,Cloud Support Associate
none,AWS Certified Solutions Architect,Az-900,Cloud Support Associate
none,AZ-900 (Azure Fundamentals),none,Cloud Support Associate
CCNA,Google Associate Cloud Engineer,Az-900,Cloud Support Associate
CCNA,AZ-900 (Azure Fundamentals),none,Network Support Engineer
Cisco DevNet Associate,AZ-900 (Azure Fundamentals),Az-700,Azure Network Engineer
Cisco DevNet Associate,none,Az-900,Junior Cloud Administrator
CCNA,AWS Certified Solutions Architect,Az-900,Junior Cloud Administrator
CCNA,AZ-900 (Azure Fundamentals),Az-700,Azure Network Engineer
Cisco DevNet Associate,AWS Certified Cloud Practitioner,none,Network Automation Engineer
Cisco DevNet Associate,Google Associate Cloud Engineer,Az-700,Azure Network Engineer
none,AWS Certified Solutions Architect,Az-700,Azure Network Engineer
CCNA,none,Az-900,Cloud Engineer
Cisco DevNet Associate,AZ-900 (Azure Fundamentals),Az-900,Junior Cloud Administrator
Cisco DevNet Associate,AWS Certified Cloud Practitioner,Az-700,Azure Network Engineer
CCNA,AZ-900 (Azure Fundamentals),none,Cloud Engineer
none,AZ-900 (Azure Fundamentals),none,Cloud Operations Intern
Cisco DevNet Associate,none,Az-700,Azure Network Engineer
CCNA,AWS Certified Cloud Practitioner,none,Cloud Engineer
CCNA,AWS Certified Cloud Practitioner,none,Cloud Engineer
Cisco DevNet Associate,none,none,DevOps Support
Cisco DevNet Associate,Google Associate Cloud Engineer,none,DevOps Support
CCNA,AWS Certified Cloud Practitioner,none,Cloud Infrastructure Engineer
none,Google Associate Cloud Engineer,none,Cloud Deployment Engineer
CCNA,AZ-900 (Azure Fundamentals),none,Cloud Engineer
none,AZ-900 (Azure Fundamentals),Az-700,Azure Network Engineer
CCNA,AWS Certified Cloud Practitioner,Az-700,Azure Network Engineer
CCNA,none,none,Network Administrator
none,AWS Certified Cloud Practitioner,none,Cloud Deployment Engineer
CCNA,AWS Certified Cloud Practitioner,Az-700,Azure Network Engineer
none,none,Az-900,Cloud Engineer
CCNA,none,Az-900,Junior Cloud Administrator
Cisco DevNet Associate,AZ-900 (Azure Fundamentals),Az-900,Cloud Infrastructure Engineer
CCNA,AZ-900 (Azure Fundamentals),none,Network Support Engineer
CCNA,AWS Certified Cloud Practitioner,Az-700,Azure Network Engineer
CCNA,AZ-900 (Azure Fundamentals),Az-700,Azure Network Engineer
CCNA,none,Az-700,Azure Network Engineer
CCNA,Google Associate Cloud Engineer,Az-900,Cloud Engineer
CCNA,AWS Certified Solutions Architect,Az-900,Cloud Infrastructure Engineer
Cisco DevNet Associate,AWS Certified Solutions Architect,none,Junior Cloud Solutions Architect
Cisco DevNet Associate,none,none,Network Automation Engineer
none,none,none,Technical Support Specialist
CCNA,AWS Certified Solutions Architect,none,Cloud Infrastructure Engineer
none,none,Az-700,Azure Network Engineer
CCNA,AZ-900 (Azure Fundamentals),Az-700,Azure Network Engineer
none,AWS Certified Cloud Practitioner,Az-900,Cloud Infrastructure Engineer
CCNA,AWS Certified Cloud Practitioner,none,Cloud Engineer
none,AWS Certified Solutions Architect,Az-900,Cloud Infrastructure Engineer
CCNA,AWS Certified Solutions Architect,Az-900,Cloud Infrastructure Engineer
CCNA,none,Az-900,Cloud Engineer
Cisco DevNet Associate,AWS Certified Solutions Architect,Az-700,Azure Network Engineer
Cisco DevNet Associate,AWS Certified Cloud Practitioner,none,Network Automation Engineer
CCNA,none,none,Network Support Engineer
Cisco DevNet Associate,AWS Certified Solutions Architect,none,Cloud Engineer
none,AZ-900 (Azure Fundamentals),Az-900,Cloud Infrastructure Engineer
none,AWS Certified Cloud Practitioner,none,Cloud Deployment Engineer
Cisco DevNet Associate,none,Az-700,Azure Network Engineer
Cisco DevNet Associate,AWS Certified Solutions Architect,none,Junior Cloud Solutions Architect
CCNA,AWS Certified Cloud Practitioner,none,Cloud Infrastructure Engineer
CCNA,Google Associate Cloud Engineer,Az-700,Azure Network Engineer
CCNA,AWS Certified Solutions Architect,none,Cloud Infrastructure Engineer
CCNA,Google Associate Cloud Engineer,Az-900,Cloud Engineer
CCNA,Google Associate Cloud Engineer,Az-900,Cloud Infrastructure Engineer
CCNA,none,Az-700,Azure Network Engineer
none,AWS Certified Solutions Architect,Az-900,Junior Cloud Administrator
Cisco DevNet Associate,AWS Certified Solutions Architect,none,Cloud Infrastructure Engineer
Cisco DevNet Associate,Google Associate Cloud Engineer,none,IT Automation Specialist
none,AWS Certified Cloud Practitioner,none,Cloud Support Associate
Cisco DevNet Associate,AWS Certified Solutions Architect,Az-700,Azure Network Engineer
none,none,Az-700,Azure Network Engineer
CCNA,AWS Certified Cloud Practitioner,none,Cloud Deployment Engineer
Cisco DevNet Associate,Google Associate Cloud Engineer,Az-900,Cloud Support Associate
CCNA,Google Associate Cloud Engineer,Az-900,Cloud Engineer
none,AWS Certified Solutions Architect,none,Cloud Engineer
Cisco DevNet Associate,AZ-900 (Azure Fundamentals),none,IT Automation Specialist
CCNA,AWS Certified Solutions Architect,Az-900,Cloud Support Associate
none,AWS Certified Solutions Architect,Az-900,Cloud Engineer
CCNA,AWS Certified Cloud Practitioner,Az-900,Cloud Infrastructure Engineer
none,none,Az-700,Azure Network Engineer
none,none,Az-700,Azure Network Engineer
none,none,Az-900,Cloud Support Associate
CCNA,Google Associate Cloud Engineer,Az-700,Azure Network Engineer
none,AWS Certified Solutions Architect,none,Junior Cloud Solutions Architect
none,none,none,Network Support Engineer
CCNA,AWS Certified Cloud Practitioner,Az-700,Azure Network Engineer
none,none,Az-900,Cloud Engineer
Cisco DevNet Associate,AWS Certified Solutions Architect,Az-900,Cloud Infrastructure Engineer
CCNA,Google Associate Cloud Engineer,Az-700,Azure Network Engineer
CCNA,AWS Certified Cloud Practitioner,none,Cloud Engineer
none,AWS Certified Solutions Architect,Az-700,Azure Network Engineer
Cisco DevNet Associate,Google Associate Cloud Engineer,Az-700,Azure Network Engineer
Cisco DevNet Associate,AWS Certified Solutions Architect,Az-700,Azure Network Engineer
CCNA,AWS Certified Solutions Architect,Az-900,Cloud Engineer
CCNA,AZ-900 (Azure Fundamentals),Az-700,Azure Network Engineer
CCNA,none,Az-700,Azure Network Engineer
CCNA,AWS Certified Cloud Practitioner,none,Cloud Infrastructure Engineer
Cisco DevNet Associate,Google Associate Cloud Engineer,Az-700,Azure Network Engineer
Cisco DevNet Associate,AWS Certified Solutions Architect,Az-900,Cloud Infrastructure Engineer
Cisco DevNet Associate,AWS Certified Solutions Architect,none,Junior Cloud Solutions Architect
Cisco DevNet Associate,none,Az-900,Cloud Support Associate
CCNA,Google Associate Cloud Engineer,Az-900,Cloud Infrastructure Engineer
Cisco DevNet Associate,AZ-900 (Azure Fundamentals),Az-700,Azure Network Engineer
none,Google Associate Cloud Engineer,Az-700,Azure Network Engineer
Cisco DevNet Associate,AWS Certified Solutions Architect,none,Cloud Engineer
none,Google Associate Cloud Engineer,Az-700,Azure Network Engineer
Cisco DevNet Associate,AWS Certified Cloud Practitioner,Az-900,Cloud Infrastructure Engineer
CCNA,AZ-900 (Azure Fundamentals),Az-700,Azure Network Engineer
none,none,Az-700,Azure Network Engineer
Cisco DevNet Associate,AZ-900 (Azure Fundamentals),Az-700,Azure Network Engineer
CCNA,AWS Certified Cloud Practitioner,none,Cloud Deployment Engineer
none,AWS Certified Solutions Architect,Az-900,Cloud Engineer
CCNA,AWS Certified Solutions Architect,Az-700,Azure Network Engineer
Cisco DevNet Associate,none,Az-700,Azure Network Engineer
Cisco DevNet Associate,none,none,Junior Network Programmer
none,none,Az-900,Cloud Infrastructure Engineer
none,Google Associate Cloud Engineer,none,Cloud Infrastructure Engineer
none,AWS Certified Solutions Architect,Az-700,Azure Network Engineer
Cisco DevNet Associate,AWS Certified Solutions Architect,Az-900,Cloud Infrastructure Engineer
Cisco DevNet Associate,AWS Certified Solutions Architect,none,Cloud Engineer
Cisco DevNet Associate,none,Az-700,Azure Network Engineer
CCNA,AWS Certified Cloud Practitioner,Az-900,Cloud Infrastructure Engineer
none,AWS Certified Solutions Architect,Az-700,Azure Network Engineer
Cisco DevNet Associate,AWS Certified Cloud Practitioner,Az-900,Cloud Support Associate
none,AWS Certified Solutions Architect,Az-900,Cloud Infrastructure Engineer
none,none,none,Cloud Support Associate
none,AWS Certified Solutions Architect,none,Cloud Infrastructure Engineer
Cisco DevNet Associate,none,none,Network Automation Engineer
CCNA,AWS Certified Cloud Practitioner,none,Cloud Deployment Engineer
CCNA,AZ-900 (Azure Fundamentals),Az-700,Azure Network Engineer
none,AZ-900 (Azure Fundamentals),Az-900,Cloud Support Associate
none,AZ-900 (Azure Fundamentals),Az-900,Cloud Engineer
Cisco DevNet Associate,none,none,Junior Network Programmer
CCNA,AWS Certified Cloud Practitioner,Az-900,Cloud Engineer
Cisco DevNet Associate,AWS Certified Solutions Architect,Az-700,Azure Network Engineer
Cisco DevNet Associate,AWS Certified Cloud Practitioner,none,Network Automation Engineer
Cisco DevNet Associate,AWS Certified Cloud Practitioner,none,DevOps Support
CCNA,AWS Certified Solutions Architect,Az-900,Cloud Infrastructure Engineer
none,AZ-900 (Azure Fundamentals),Az-900,Cloud Infrastructure Engineer
none,AWS Certified Cloud Practitioner,Az-700,Azure Network Engineer
Cisco DevNet Associate,AZ-900 (Azure Fundamentals),Az-900,Cloud Infrastructure Engineer
none,Google Associate Cloud Engineer,Az-700,Azure Network Engineer
Cisco DevNet Associate,none,none,Junior Network Programmer
Cisco DevNet Associate,AZ-900 (Azure Fundamentals),Az-900,Cloud Engineer
none,AWS Certified Cloud Practitioner,Az-900,Cloud Infrastructure Engineer
Cisco DevNet Associate,AWS Certified Solutions Architect,Az-900,Cloud Support Associate
Cisco DevNet Associate,AWS Certified Cloud Practitioner,Az-700,Azure Network Engineer
none,Google Associate Cloud Engineer,Az-900,Cloud Engineer
none,AWS Certified Solutions Architect,none,Cloud Infrastructure Engineer
CCNA,AWS Certified Cloud Practitioner,Az-900,Cloud Infrastructure Engineer
none,Google Associate Cloud Engineer,none,Cloud Deployment Engineer
none,AWS Certified Cloud Practitioner,Az-900,Cloud Engineer
CCNA,AWS Certified Solutions Architect,none,Cloud Engineer
CCNA,AWS Certified Cloud Practitioner,Az-700,Azure Network Engineer
CCNA,AWS Certified Cloud Practitioner,none,Cloud Engineer
Cisco DevNet Associate,Google Associate Cloud Engineer,none,Network Automation Engineer
none,none,Az-700,Azure Network Engineer
none,AWS Certified Cloud Practitioner,Az-900,Junior Cloud Administrator
CCNA,AWS Certified Solutions Architect,none,Junior Cloud Solutions Architect
none,AWS Certified Solutions Architect,Az-700,Azure Network Engineer
Cisco DevNet Associate,AWS Certified Cloud Practitioner,Az-700,Azure Network Engineer
none,AWS Certified Cloud Practitioner,Az-900,Cloud Engineer
CCNA,AWS Certified Cloud Practitioner,none,Network Support Engineer
Cisco DevNet Associate,Google Associate Cloud Engineer,Az-700,Azure Network Engineer
CCNA,none,Az-700,Azure Network Engineer
none,AWS Certified Cloud Practitioner,Az-900,Cloud Support Associate
CCNA,AZ-900 (Azure Fundamentals),Az-700,Azure Network Engineer
Cisco DevNet Associate,AWS Certified Solutions Architect,none,Cloud Engineer
Cisco DevNet Associate,Google Associate Cloud Engineer,none,IT Automation Specialist
none,none,Az-900,Junior Cloud Administrator
Cisco DevNet Associate,AZ-900 (Azure Fundamentals),none,Network Automation Engineer
CCNA,AWS Certified Solutions Architect,Az-900,Cloud Support Associate
CCNA,AZ-900 (Azure Fundamentals),Az-900,Cloud Support Associate
Cisco DevNet Associate,AWS Certified Solutions Architect,none,Cloud Infrastructure Engineer
Cisco DevNet Associate,AWS Certified Solutions Architect,Az-900,Cloud Support Associate
none,AWS Certified Cloud Practitioner,none,Cloud Support Associate
Cisco DevNet Associate,AWS Certified Solutions Architect,Az-900,Cloud Infrastructure Engineer
none,AWS Certified Cloud Practitioner,Az-900,Junior Cloud Administrator
Cisco DevNet Associate,none,Az-900,Cloud Support Associate
Cisco DevNet Associate,AWS Certified Solutions Architect,Az-900,Cloud Support Associate
Cisco DevNet Associate,AWS Certified Solutions Architect,none,Cloud Engineer
none,Google Associate Cloud Engineer,Az-900,Cloud Support Associate
Cisco DevNet Associate,AZ-900 (Azure Fundamentals),Az-700,Azure Network Engineer
none,AWS Certified Solutions Architect,Az-900,Cloud Infrastructure Engineer
CCNA,none,Az-700,Azure Network Engineer
Cisco DevNet Associate,AWS Certified Solutions Architect,Az-900,Cloud Engineer
none,none,none,Technical Support Specialist
Cisco DevNet Associate,AWS Certified Cloud Practitioner,none,DevOps Support
CCNA,none,Az-900,Junior Cloud Administrator
CCNA,none,none,Junior Network Analyst
Cisco DevNet Associate,Google Associate Cloud Engineer,none,DevOps Support
Cisco DevNet Associate,none,none,DevOps Support
CCNA,none,none,Network Support Engineer
none,AZ-900 (Azure Fundamentals),Az-900,Junior Cloud Administrator
none,AWS Certified Cloud Practitioner,none,Junior Cloud Administrator
CCNA,none,Az-900,Cloud Support Associate
Cisco DevNet Associate,Google Associate Cloud Engineer,none,Network Automation Engineer
none,Google Associate Cloud Engineer,none,Cloud Infrastructure Engineer
Cisco DevNet Associate,AZ-900 (Azure Fundamentals),Az-900,Cloud Engineer
Cisco DevNet Associate,AWS Certified Cloud Practitioner,Az-900,Cloud Engineer
none,AZ-900 (Azure Fundamentals),none,Cloud Support Associate
Cisco DevNet Associate,AWS Certified Cloud Practitioner,Az-700,Azure Network Engineer
Cisco DevNet Associate,Google Associate Cloud Engineer,Az-700,Azure Network Engineer
none,AWS Certified Solutions Architect,none,Cloud Engineer
CCNA,Google Associate Cloud Engineer,none,Cloud Infrastructure Engineer
Cisco DevNet Associate,AZ-900 (Azure Fundamentals),none,IT Automation Specialist
Cisco DevNet Associate,AWS Certified Solutions Architect,Az-900,Junior Cloud Administrator
Cisco DevNet Associate,AWS Certified Solutions Architect,Az-900,Cloud Engineer
CCNA,Google Associate Cloud Engineer,Az-700,Azure Network Engineer
Cisco DevNet Associate,Google Associate Cloud Engineer,none,DevOps Support
CCNA,none,Az-900,Cloud Infrastructure Engineer
CCNA,AWS Certified Cloud Practitioner,none,Cloud Engineer
Cisco DevNet Associate,none,Az-700,Azure Network Engineer
Cisco DevNet Associate,AZ-900 (Azure Fundamentals),none,DevOps Support
CCNA,Google Associate Cloud Engineer,none,Cloud Infrastructure Engineer
CCNA,none,Az-700,Azure Network Engineer
CCNA,none,Az-900,Cloud Support Associate
none,Google Associate Cloud Engineer,none,Cloud Engineer
Cisco DevNet Associate,AWS Certified Cloud Practitioner,Az-700,Azure Network Engineer
none,Google Associate Cloud Engineer,none,Cloud Engineer
CCNA,AZ-900 (Azure Fundamentals),Az-700,Azure Network Engineer
CCNA,AWS Certified Solutions Architect,Az-700,Azure Network Engineer
Cisco DevNet Associate,AWS Certified Solutions Architect,Az-700,Azure Network Engineer
CCNA,none,Az-700,Azure Network Engineer
none,Google Associate Cloud Engineer,Az-900,Cloud Infrastructure Engineer
none,AZ-900 (Azure Fundamentals),Az-700,Azure Network Engineer
CCNA,none,none,Network Administrator
CCNA,AZ-900 (Azure Fundamentals),Az-900,Cloud Support Associate
CCNA,none,Az-700,Azure Network Engineer
CCNA,Google Associate Cloud Engineer,Az-700,Azure Network Engineer
none,AWS Certified Solutions Architect,none,Cloud Engineer
CCNA,AZ-900 (Azure Fundamentals),Az-700,Azure Network Engineer
none,none,Az-700,Azure Network Engineer
none,AWS Certified Cloud Practitioner,none,Cloud Operations Intern
Cisco DevNet Associate,AWS Certified Cloud Practitioner,none,DevOps Support
Cisco DevNet Associate,AZ-900 (Azure Fundamentals),none,Network Automation Engineer
Cisco DevNet Associate,AWS Certified Cloud Practitioner,Az-700,Azure Network Engineer
none,AWS Certified Solutions Architect,Az-900,Cloud Infrastructure Engineer
none,AWS Certified Cloud Practitioner,none,Cloud Deployment Engineer
Cisco DevNet Associate,none,none,IT Automation Specialist
Cisco DevNet Associate,AWS Certified Solutions Architect,Az-900,Cloud Engineer
Cisco DevNet Associate,none,Az-900,Cloud Engineer
CCNA,AWS Certified Cloud Practitioner,Az-700,Azure Network Engineer
none,AWS Certified Solutions Architect,Az-700,Azure Network Engineer
CCNA,AWS Certified Cloud Practitioner,Az-900,Cloud Engineer
none,none,Az-700,Azure Network Engineer
none,AWS Certified Solutions Architect,Az-900,Cloud Support Associate
Cisco DevNet Associate,AZ-900 (Azure Fundamentals),Az-900,Cloud Engineer
CCNA,AWS Certified Cloud Practitioner,Az-700,Azure Network Engineer
CCNA,AWS Certified Solutions Architect,Az-900,Cloud Engineer
CCNA,none,Az-700,Azure Network Engineer
Cisco DevNet Associate,AZ-900 (Azure Fundamentals),none,DevOps Support
CCNA,none,Az-700,Azure Network Engineer
CCNA,Google Associate Cloud Engineer,none,Cloud Infrastructure Engineer
CCNA,AWS Certified Cloud Practitioner,Az-700,Azure Network Engineer
Cisco DevNet Associate,Google Associate Cloud Engineer,none,Network Automation Engineer
Cisco DevNet Associate,AWS Certified Solutions Architect,Az-700,Azure Network Engineer
none,Google Associate Cloud Engineer,Az-900,Junior Cloud Administrator
CCNA,AZ-900 (Azure Fundamentals),none,Cloud Deployment Engineer
CCNA,none,Az-900,Cloud Infrastructure Engineer
CCNA,none,none,Network Support Engineer
none,AWS Certified Solutions Architect,Az-700,Azure Network Engineer
Cisco DevNet Associate,AWS Certified Cloud Practitioner,Az-900,Junior Cloud Administrator
none,none,Az-900,Cloud Infrastructure Engineer
none,none,Az-900,Junior Cloud Administrator
none,AWS Certified Solutions Architect,Az-900,Cloud Infrastructure Engineer
none,AWS Certified Cloud Practitioner,none,Junior Cloud Administrator
Cisco DevNet Associate,none,Az-700,Azure Network Engineer
Cisco DevNet Associate,AWS Certified Cloud Practitioner,none,DevOps Support
CCNA,AZ-900 (Azure Fundamentals),none,Cloud Infrastructure Engineer
Cisco DevNet Associate,AZ-900 (Azure Fundamentals),Az-700,Azure Network Engineer
Cisco DevNet Associate,none,Az-700,Azure Network Engineer
CCNA,AWS Certified Cloud Practitioner,Az-900,Cloud Engineer
CCNA,AWS Certified Cloud Practitioner,Az-900,Cloud Engineer
Cisco DevNet Associate,AWS Certified Cloud Practitioner,Az-700,Azure Network Engineer
CCNA,AWS Certified Solutions Architect,Az-700,Azure Network Engineer
Cisco DevNet Associate,none,Az-900,Cloud Infrastructure Engineer
CCNA,Google Associate Cloud Engineer,Az-700,Azure Network Engineer
CCNA,Google Associate Cloud Engineer,Az-900,Cloud Support Associate
CCNA,none,Az-700,Azure Network Engineer
none,Google Associate Cloud Engineer,Az-700,Azure Network Engineer
none,none,Az-900,Cloud Infrastructure Engineer
none,none,none,Technical Support Specialist
none,AZ-900 (Azure Fundamentals),Az-700,Azure Network Engineer
none,Google Associate Cloud Engineer,Az-900,Cloud Support Associate
Cisco DevNet Associate,Google Associate Cloud Engineer,Az-900,Junior Cloud Administrator
none,none,Az-700,Azure Network Engineer
none,AWS Certified Solutions Architect,Az-900,Cloud Support Associate
Cisco DevNet Associate,Google Associate Cloud Engineer,Az-700,Azure Network Engineer
none,AWS Certified Solutions Architect,none,Junior Cloud Solutions Architect
Cisco DevNet Associate,AWS Certified Cloud Practitioner,none,DevOps Support
Cisco DevNet Associate,none,Az-900,Cloud Engineer
none,AWS Certified Cloud Practitioner,none,Cloud Support Associate
none,Google Associate Cloud Engineer,Az-900,Cloud Infrastructure Engineer
none,Google Associate Cloud Engineer,Az-900,Cloud Engineer
none,AWS Certified Solutions Architect,none,Cloud Engineer
none,AZ-900 (Azure Fundamentals),none,Junior Cloud Administrator
CCNA,AWS Certified Cloud Practitioner,Az-900,Cloud Support Associate
CCNA,AZ-900 (Azure Fundamentals),Az-700,Azure Network Engineer
none,AWS Certified Cloud Practitioner,none,Cloud Deployment Engineer
CCNA,none,none,Junior Network Analyst
Cisco DevNet Associate,AWS Certified Solutions Architect,Az-700,Azure Network Engineer
none,AWS Certified Solutions Architect,Az-900,Cloud Support Associate
CCNA,Google Associate Cloud Engineer,Az-700,Azure Network Engineer
CCNA,AWS Certified Cloud Practitioner,Az-700,Azure Network Engineer
none,AWS Certified Solutions Architect,none,Cloud Engineer
Cisco DevNet Associate,none,Az-700,Azure Network Engineer
none,AWS Certified Cloud Practitioner,none,Cloud Support Associate
none,Google Associate Cloud Engineer,Az-700,Azure Network Engineer
none,Google Associate Cloud Engineer,Az-700,Azure Network Engineer
none,AWS Certified Cloud Practitioner,Az-900,Junior Cloud Administrator
CCNA,AWS Certified Cloud Practitioner,none,Cloud Infrastructure Engineer
none,Google Associate Cloud Engineer,Az-700,Azure Network Engineer
none,AWS Certified Cloud Practitioner,none,Junior Cloud Administrator
none,AWS Certified Cloud Practitioner,Az-900,Cloud Infrastructure Engineer
none,AWS Certified Cloud Practitioner,Az-900,Cloud Support Associate
CCNA,AWS Certified Solutions Architect,none,Junior Cloud Solutions Architect
CCNA,AWS Certified Solutions Architect,none,Cloud Engineer
none,Google Associate Cloud Engineer,Az-700,Azure Network Engineer
none,AWS Certified Solutions Architect,Az-700,Azure Network Engineer
none,AZ-900 (Azure Fundamentals),none,Cloud Support Associate
none,AZ-900 (Azure Fundamentals),Az-700,Azure Network Engineer
CCNA,AZ-900 (Azure Fundamentals),Az-700,Azure Network Engineer
none,AWS Certified Cloud Practitioner,Az-700,Azure Network Engineer
CCNA,AZ-900 (Azure Fundamentals),Az-700,Azure Network Engineer
none,AWS Certified Solutions Architect,none,Cloud Infrastructure Engineer
CCNA,none,none,Network Administrator
CCNA,AWS Certified Cloud Practitioner,Az-900,Junior Cloud Administrator
none,AWS Certified Solutions Architect,Az-700,Azure Network Engineer
none,AWS Certified Solutions Architect,Az-900,Cloud Engineer
CCNA,none,Az-900,Cloud Engineer
CCNA,Google Associate Cloud Engineer,Az-900,Cloud Engineer
none,AWS Certified Cloud Practitioner,Az-900,Cloud Infrastructure Engineer
none,AWS Certified Solutions Architect,none,Junior Cloud Solutions Architect
none,AZ-900 (Azure Fundamentals),Az-900,Junior Cloud Administrator
CCNA,AWS Certified Solutions Architect,none,Junior Cloud Solutions Architect
CCNA,AWS Certified Solutions Architect,Az-900,Cloud Support Associate
none,Google Associate Cloud Engineer,none,Cloud Engineer
CCNA,AZ-900 (Azure Fundamentals),Az-700,Azure Network Engineer
Cisco DevNet Associate,AZ-900 (Azure Fundamentals),none,DevOps Support
Cisco DevNet Associate,AWS Certified Solutions Architect,Az-900,Cloud Support Associate
none,AWS Certified Cloud Practitioner,none,Junior Cloud Administrator
CCNA,AWS Certified Solutions Architect,Az-900,Junior Cloud Administrator
Cisco DevNet Associate,AZ-900 (Azure Fundamentals),Az-700,Azure Network Engineer
Cisco DevNet Associate,AWS Certified Cloud Practitioner,Az-700,Azure Network Engineer
CCNA,AWS Certified Solutions Architect,none,Junior Cloud Solutions Architect
none,AZ-900 (Azure Fundamentals),Az-900,Junior Cloud Administrator
none,AWS Certified Solutions Architect,Az-700,Azure Network Engineer
none,AWS Certified Solutions Architect,Az-700,Azure Network Engineer
Cisco DevNet Associate,AWS Certified Cloud Practitioner,none,Network Automation Engineer
Cisco DevNet Associate,Google Associate Cloud Engineer,Az-900,Junior Cloud Administrator
Cisco DevNet Associate,Google Associate Cloud Engineer,Az-900,Cloud Engineer
Cisco DevNet Associate,AWS Certified Solutions Architect,Az-700,Azure Network Engineer
CCNA,AZ-900 (Azure Fundamentals),Az-900,Cloud Engineer
CCNA,AZ-900 (Azure Fundamentals),Az-900,Cloud Support Associate
CCNA,AZ-900 (Azure Fundamentals),Az-700,Azure Network Engineer
Cisco DevNet Associate,AWS Certified Cloud Practitioner,Az-900,Junior Cloud Administrator
CCNA,AWS Certified Cloud Practitioner,none,Network Support Engineer
CCNA,AWS Certified Cloud Practitioner,Az-900,Cloud Engineer
CCNA,AZ-900 (Azure Fundamentals),Az-900,Cloud Engineer
CCNA,AWS Certified Solutions Architect,Az-700,Azure Network Engineer
CCNA,AWS Certified Cloud Practitioner,Az-700,Azure Network Engineer
CCNA,AWS Certified Solutions Architect,Az-700,Azure Network Engineer
CCNA,Google Associate Cloud Engineer,Az-700,Azure Network Engineer
Cisco DevNet Associate,Google Associate Cloud Engineer,none,DevOps Support
none,none,none,Network Support Engineer
CCNA,AWS Certified Cloud Practitioner,Az-900,Cloud Engineer
Cisco DevNet Associate,none,Az-900,Junior Cloud Administrator
Cisco DevNet Associate,AZ-900 (Azure Fundamentals),Az-700,Azure Network Engineer
CCNA,AWS Certified Solutions Architect,none,Cloud Infrastructure Engineer
none,AWS Certified Solutions Architect,Az-700,Azure Network Engineer
Cisco DevNet Associate,AWS Certified Solutions Architect,Az-900,Cloud Support Associate
Cisco DevNet Associate,Google Associate Cloud Engineer,Az-900,Cloud Infrastructure Engineer
none,none,none,Cloud Support Associate
Cisco DevNet Associate,AZ-900 (Azure Fundamentals),none,IT Automation Specialist
none,AWS Certified Solutions Architect,none,Cloud Engineer
Cisco DevNet Associate,AWS Certified Cloud Practitioner,none,DevOps Support
Cisco DevNet Associate,AWS Certified Cloud Practitioner,none,Network Automation Engineer
Cisco DevNet Associate,AWS Certified Cloud Practitioner,Az-700,Azure Network Engineer
Cisco DevNet Associate,AZ-900 (Azure Fundamentals),none,DevOps Support
none,AWS Certified Cloud Practitioner,Az-900,Cloud Support Associate
CCNA,AWS Certified Solutions Architect,Az-900,Cloud Engineer
none,Google Associate Cloud Engineer,Az-700,Azure Network Engineer
none,AWS Certified Solutions Architect,Az-900,Junior Cloud Administrator
CCNA,none,Az-900,Junior Cloud Administrator
none,AWS Certified Solutions Architect,Az-900,Junior Cloud Administrator
Cisco DevNet Associate,AWS Certified Solutions Architect,Az-900,Cloud Engineer
Cisco DevNet Associate,none,none,Network Automation Engineer
Cisco DevNet Associate,AWS Certified Cloud Practitioner,Az-700,Azure Network Engineer
Cisco DevNet Associate,Google Associate Cloud Engineer,none,DevOps Support
none,AWS Certified Solutions Architect,Az-700,Azure Network Engineer
Cisco DevNet Associate,AWS Certified Solutions Architect,Az-900,Cloud Engineer
Cisco DevNet Associate,AWS Certified Solutions Architect,none,Junior Cloud Solutions Architect
Cisco DevNet Associate,AWS Certified Solutions Architect,Az-700,Azure Network Engineer
Cisco DevNet Associate,AWS Certified Solutions Architect,Az-900,Cloud Infrastructure Engineer
CCNA,AWS Certified Cloud Practitioner,Az-900,Junior Cloud Administrator
CCNA,Google Associate Cloud Engineer,none,Cloud Engineer
none,AZ-900 (Azure Fundamentals),none,Technical Support Specialist
CCNA,AWS Certified Solutions Architect,Az-700,Azure Network Engineer
CCNA,Google Associate Cloud Engineer,Az-700,Azure Network Engineer
CCNA,Google Associate Cloud Engineer,Az-900,Cloud Infrastructure Engineer
CCNA,AWS Certified Cloud Practitioner,Az-700,Azure Network Engineer
CCNA,AWS Certified Solutions Architect,none,Cloud Infrastructure Engineer
Cisco DevNet Associate,Google Associate Cloud Engineer,Az-700,Azure Network Engineer
none,AWS Certified Solutions Architect,none,Cloud Engineer
Cisco DevNet Associate,Google Associate Cloud Engineer,Az-700,Azure Network Engineer
none,Google Associate Cloud Engineer,Az-900,Cloud Infrastructure Engineer
Cisco DevNet Associate,AWS Certified Solutions Architect,none,Cloud Infrastructure Engineer
Cisco DevNet Associate,Google Associate Cloud Engineer,none,IT Automation Specialist
CCNA,AWS Certified Solutions Architect,Az-900,Junior Cloud Administrator
CCNA,AWS Certified Cloud Practitioner,none,Cloud Infrastructure Engineer
CCNA,AWS Certified Solutions Architect,Az-700,Azure Network Engineer
Cisco DevNet Associate,Google Associate Cloud Engineer,Az-700,Azure Network Engineer
Cisco DevNet Associate,AWS Certified Solutions Architect,Az-900,Cloud Support Associate
CCNA,Google Associate Cloud Engineer,Az-700,Azure Network Engineer
Cisco DevNet Associate,Google Associate Cloud Engineer,Az-900,Cloud Infrastructure Engineer
none,AZ-900 (Azure Fundamentals),Az-700,Azure Network Engineer
none,none,Az-900,Cloud Support Associate
none,none,none,Technical Support Specialist
Cisco DevNet Associate,Google Associate Cloud Engineer,Az-900,Cloud Support Associate
CCNA,AWS Certified Cloud Practitioner,Az-700,Azure Network Engineer
none,AZ-900 (Azure Fundamentals),Az-900,Cloud Infrastructure Engineer
Cisco DevNet Associate,AWS Certified Cloud Practitioner,Az-700,Azure Network Engineer
Cisco DevNet Associate,AWS Certified Solutions Architect,Az-900,Junior Cloud Administrator
none,none,none,Technical Support Specialist
none,Google Associate Cloud Engineer,Az-900,Cloud Engineer
Cisco DevNet Associate,none,none,Network Automation Engineer
CCNA,Google Associate Cloud Engineer,Az-700,Azure Network Engineer
none,AZ-900 (Azure Fundamentals),Az-700,Azure Network Engineer
Cisco DevNet Associate,Google Associate Cloud Engineer,Az-900,Cloud Engineer
Cisco DevNet Associate,AWS Certified Cloud Practitioner,Az-700,Azure Network Engineer
Cisco DevNet Associate,none,Az-900,Junior Cloud Administrator
none,Google Associate Cloud Engineer,none,Cloud Infrastructure Engineer
Cisco DevNet Associate,AZ-900 (Azure Fundamentals),Az-700,Azure Network Engineer
CCNA,none,Az-900,Cloud Infrastructure Engineer
CCNA,AWS Certified Cloud Practitioner,Az-700,Azure Network Engineer
Cisco DevNet Associate,AWS Certified Solutions Architect,Az-700,Azure Network Engineer
Cisco DevNet Associate,AWS Certified Cloud Practitioner,Az-900,Junior Cloud Administrator
none,AWS Certified Solutions Architect,Az-700,Azure Network Engineer
Cisco DevNet Associate,AZ-900 (Azure Fundamentals),Az-900,Cloud Infrastructure Engineer
CCNA,AZ-900 (Azure Fundamentals),Az-900,Cloud Infrastructure Engineer
CCNA,AZ-900 (Azure Fundamentals),none,Cloud Engineer
Cisco DevNet Associate,AWS Certified Cloud Practitioner,Az-700,Azure Network Engineer
none,AWS Certified Cloud Practitioner,Az-700,Azure Network Engineer
CCNA,AWS Certified Cloud Practitioner,none,Cloud Infrastructure Engineer
CCNA,AWS Certified Solutions Architect,Az-700,Azure Network Engineer
Cisco DevNet Associate,AWS Certified Solutions Architect,Az-700,Azure Network Engineer
none,AZ-900 (Azure Fundamentals),Az-900,Junior Cloud Administrator
CCNA,AWS Certified Solutions Architect,Az-700,Azure Network Engineer
none,AWS Certified Cloud Practitioner,Az-700,Azure Network Engineer
Cisco DevNet Associate,none,Az-900,Junior Cloud Administrator
CCNA,none,Az-900,Cloud Support Associate
CCNA,AWS Certified Solutions Architect,Az-700,Azure Network Engineer
CCNA,none,none,Junior Network Analyst
none,AZ-900 (Azure Fundamentals),none,Junior Cloud Administrator
CCNA,AWS Certified Solutions Architect,Az-900,Cloud Engineer
CCNA,AWS Certified Cloud Practitioner,Az-900,Cloud Engineer
none,none,Az-700,Azure Network Engineer
CCNA,AWS Certified Cloud Practitioner,Az-900,Cloud Infrastructure Engineer
none,AZ-900 (Azure Fundamentals),none,Junior Cloud Administrator
Cisco DevNet Associate,Google Associate Cloud Engineer,Az-700,Azure Network Engineer
CCNA,none,Az-900,Cloud Infrastructure Engineer
CCNA,AZ-900 (Azure Fundamentals),Az-700,Azure Network Engineer
none,AZ-900 (Azure Fundamentals),none,Technical Support Specialist
none,none,Az-900,Junior Cloud Administrator
Cisco DevNet Associate,Google Associate Cloud Engineer,Az-700,Azure Network Engineer
Cisco DevNet Associate,Google Associate Cloud Engineer,Az-900,Cloud Engineer
Cisco DevNet Associate,AZ-900 (Azure Fundamentals),none,Network Automation Engineer
none,AWS Certified Cloud Practitioner,none,Cloud Deployment Engineer
none,AZ-900 (Azure Fundamentals),none,Technical Support Specialist
Cisco DevNet Associate,none,none,IT Automation Specialist
CCNA,none,Az-900,Cloud Infrastructure Engineer
Cisco DevNet Associate,Google Associate Cloud Engineer,Az-700,Azure Network Engineer
CCNA,none,none,Network Support Engineer
Cisco DevNet Associate,none,none,Junior Network Programmer
Cisco DevNet Associate,AWS Certified Solutions Architect,none,Cloud Infrastructure Engineer
Cisco DevNet Associate,AZ-900 (Azure Fundamentals),none,IT Automation Specialist
Cisco DevNet Associate,AWS Certified Solutions Architect,none,Junior Cloud Solutions Architect
CCNA,AWS Certified Solutions Architect,Az-700,Azure Network Engineer
CCNA,Google Associate Cloud Engineer,Az-700,Azure Network Engineer
Cisco DevNet Associate,AZ-900 (Azure Fundamentals),Az-700,Azure Network Engineer
none,AWS Certified Cloud Practitioner,Az-700,Azure Network Engineer
CCNA,AWS Certified Cloud Practitioner,none,Cloud Deployment Engineer
CCNA,Google Associate Cloud Engineer,none,Network Support Engineer
none,AWS Certified Solutions Architect,Az-700,Azure Network Engineer
Cisco DevNet Associate,Google Associate Cloud Engineer,none,DevOps Support
Cisco DevNet Associate,AZ-900 (Azure Fundamentals),Az-700,Azure Network Engineer
CCNA,AWS Certified Cloud Practitioner,Az-700,Azure Network Engineer
CCNA,none,Az-700,Azure Network Engineer
Cisco DevNet Associate,AZ-900 (Azure Fundamentals),Az-700,Azure Network Engineer
Cisco DevNet Associate,AWS Certified Cloud Practitioner,none,Network Automation Engineer
CCNA,Google Associate Cloud Engineer,Az-700,Azure Network Engineer
Cisco DevNet Associate,none,Az-700,Azure Network Engineer
Cisco DevNet Associate,none,none,DevOps Support
Cisco DevNet Associate,Google Associate Cloud Engineer,Az-700,Azure Network Engineer
Cisco DevNet Associate,AWS Certified Cloud Practitioner,Az-900,Cloud Infrastructure Engineer
CCNA,AWS Certified Cloud Practitioner,none,Cloud Engineer
none,Google Associate Cloud Engineer,Az-700,Azure Network Engineer
none,Google Associate Cloud Engineer,Az-700,Azure Network Engineer
Cisco DevNet Associate,AZ-900 (Azure Fundamentals),none,IT Automation Specialist
none,AWS Certified Cloud Practitioner,Az-700,Azure Network Engineer
CCNA,Google Associate Cloud Engineer,Az-900,Cloud Support Associate
none,Google Associate Cloud Engineer,none,Cloud Infrastructure Engineer
Cisco DevNet Associate,none,none,Junior Network Programmer
CCNA,AWS Certified Solutions Architect,Az-700,Azure Network Engineer
none,AWS Certified Cloud Practitioner,none,Cloud Operations Intern
none,AWS Certified Cloud Practitioner,Az-900,Cloud Engineer
Cisco DevNet Associate,Google Associate Cloud Engineer,Az-700,Azure Network Engineer
none,Google Associate Cloud Engineer,Az-900,Cloud Infrastructure Engineer
CCNA,AWS Certified Cloud Practitioner,Az-900,Cloud Infrastructure Engineer
none,AWS Certified Solutions Architect,none,Junior Cloud Solutions Architect
Cisco DevNet Associate,AWS Certified Solutions Architect,Az-900,Cloud Infrastructure Engineer
Cisco DevNet Associate,AWS Certified Solutions Architect,none,Cloud Infrastructure Engineer
Cisco DevNet Associate,none,Az-900,Cloud Engineer
Cisco DevNet Associate,Google Associate Cloud Engineer,none,Network Automation Engineer
Cisco DevNet Associate,none,Az-700,Azure Network Engineer
none,Google Associate Cloud Engineer,none,Cloud Engineer
CCNA,AZ-900 (Azure Fundamentals),Az-700,Azure Network Engineer
none,AZ-900 (Azure Fundamentals),Az-700,Azure Network Engineer
Cisco DevNet Associate,AWS Certified Cloud Practitioner,none,Network Automation Engineer
none,AZ-900 (Azure Fundamentals),Az-900,Cloud Infrastructure Engineer
none,none,none,Cloud Support Associate
Cisco DevNet Associate,AZ-900 (Azure Fundamentals),none,IT Automation Specialist
none,AWS Certified Cloud Practitioner,Az-900,Cloud Infrastructure Engineer
none,AWS Certified Solutions Architect,none,Cloud Infrastructure Engineer
CCNA,AZ-900 (Azure Fundamentals),none,Network Support Engineer
CCNA,AWS Certified Cloud Practitioner,none,Cloud Infrastructure Engineer
none,none,none,Network Support Engineer
CCNA,AZ-900 (Azure Fundamentals),none,Cloud Infrastructure Engineer
none,Google Associate Cloud Engineer,Az-700,Azure Network Engineer
CCNA,AWS Certified Solutions Architect,Az-700,Azure Network Engineer
CCNA,AZ-900 (Azure Fundamentals),Az-700,Azure Network Engineer
CCNA,AZ-900 (Azure Fundamentals),Az-700,Azure Network Engineer
none,AZ-900 (Azure Fundamentals),Az-900,Junior Cloud Administrator
none,AWS Certified Cloud Practitioner,Az-700,Azure Network Engineer
Cisco DevNet Associate,AZ-900 (Azure Fundamentals),none,IT Automation Specialist
Cisco DevNet Associate,AZ-900 (Azure Fundamentals),Az-700,Azure Network Engineer
Cisco DevNet Associate,AWS Certified Cloud Practitioner,Az-700,Azure Network Engineer
CCNA,AWS Certified Solutions Architect,none,Cloud Engineer
Cisco DevNet Associate,AWS Certified Cloud Practitioner,Az-900,Cloud Infrastructure Engineer
Cisco DevNet Associate,AWS Certified Cloud Practitioner,Az-900,Cloud Support Associate
none,none,Az-700,Azure Network Engineer
Cisco DevNet Associate,none,Az-900,Cloud Engineer
CCNA,AWS Certified Solutions Architect,none,Cloud Infrastructure Engineer
Cisco DevNet Associate,Google Associate Cloud Engineer,none,DevOps Support
none,Google Associate Cloud Engineer,Az-700,Azure Network Engineer
CCNA,AWS Certified Solutions Architect,none,Cloud Infrastructure Engineer
CCNA,none,Az-700,Azure Network Engineer
Cisco DevNet Associate,AZ-900 (Azure Fundamentals),Az-700,Azure Network Engineer
none,AWS Certified Solutions Architect,Az-900,Cloud Engineer
Cisco DevNet Associate,none,Az-700,Azure Network Engineer
none,Google Associate Cloud Engineer,Az-700,Azure Network Engineer
Cisco DevNet Associate,AWS Certified Solutions Architect,none,Junior Cloud Solutions Architect
CCNA,AWS Certified Solutions Architect,Az-700,Azure Network Engineer
none,AWS Certified Cloud Practitioner,none,Cloud Operations Intern
Cisco DevNet Associate,Google Associate Cloud Engineer,Az-900,Cloud Infrastructure Engineer
Cisco DevNet Associate,Google Associate Cloud Engineer,Az-700,Azure Network Engineer
Cisco DevNet Associate,Google Associate Cloud Engineer,none,DevOps Support
Cisco DevNet Associate,none,Az-700,Azure Network Engineer
CCNA,Google Associate Cloud Engineer,Az-700,Azure Network Engineer
Cisco DevNet Associate,AZ-900 (Azure Fundamentals),none,Network Automation Engineer
none,AZ-900 (Azure Fundamentals),none,Technical Support Specialist
CCNA,AZ-900 (Azure Fundamentals),none,Cloud Deployment Engineer
CCNA,AWS Certified Cloud Practitioner,Az-900,Cloud Infrastructure Engineer
CCNA,AWS Certified Cloud Practitioner,none,Cloud Infrastructure Engineer
none,AZ-900 (Azure Fundamentals),none,Cloud Operations Intern
none,AWS Certified Cloud Practitioner,Az-700,Azure Network Engineer
none,AWS Certified Solutions Architect,none,Cloud Engineer
Cisco DevNet Associate,AWS Certified Solutions Architect,Az-700,Azure Network Engineer
Cisco DevNet Associate,AWS Certified Cloud Practitioner,none,DevOps Support
Cisco DevNet Associate,AZ-900 (Azure Fundamentals),none,DevOps Support
Cisco DevNet Associate,AZ-900 (Azure Fundamentals),none,IT Automation Specialist
CCNA,Google Associate Cloud Engineer,Az-700,Azure Network Engineer
Cisco DevNet Associate,AZ-900 (Azure Fundamentals),none,Network Automation Engineer
none,AWS Certified Solutions Architect,Az-900,Junior Cloud Administrator
Cisco DevNet Associate,none,Az-700,Azure Network Engineer
none,AZ-900 (Azure Fundamentals),none,Junior Cloud Administrator
CCNA,AWS Certified Cloud Practitioner,Az-900,Cloud Engineer
Cisco DevNet Associate,AZ-900 (Azure Fundamentals),Az-900,Cloud Infrastructure Engineer
CCNA,AWS Certified Cloud Practitioner,none,Cloud Infrastructure Engineer
CCNA,AWS Certified Solutions Architect,Az-700,Azure Network Engineer
Cisco DevNet Associate,none,Az-900,Cloud Infrastructure Engineer
Cisco DevNet Associate,Google Associate Cloud Engineer,Az-900,Junior Cloud Administrator
Cisco DevNet Associate,none,Az-700,Azure Network Engineer
Cisco DevNet Associate,Google Associate Cloud Engineer,none,DevOps Support
CCNA,AWS Certified Solutions Architect,none,Cloud Engineer
Cisco DevNet Associate,none,none,Network Automation Engineer
CCNA,AZ-900 (Azure Fundamentals),Az-900,Cloud Infrastructure Engineer
CCNA,none,Az-900,Junior Cloud Administrator
CCNA,none,Az-700,Azure Network Engineer
CCNA,none,none,Network Support Engineer
CCNA,none,none,Network Administrator
CCNA,none,none,Network Administrator
Cisco DevNet Associate,AWS Certified Solutions Architect,Az-700,Azure Network Engineer
CCNA,AWS Certified Cloud Practitioner,none,Cloud Engineer
Cisco DevNet Associate,AWS Certified Solutions Architect,Az-900,Cloud Infrastructure Engineer
Cisco DevNet Associate,AZ-900 (Azure Fundamentals),Az-700,Azure Network Engineer
Cisco DevNet Associate,AZ-900 (Azure Fundamentals),Az-700,Azure Network Engineer
CCNA,Google Associate Cloud Engineer,none,Cloud Infrastructure Engineer
CCNA,AWS Certified Cloud Practitioner,none,Cloud Engineer
none,none,none,Cloud Support Associate
none,none,Az-900,Cloud Engineer
Cisco DevNet Associate,AWS Certified Cloud Practitioner,Az-900,Junior Cloud Administrator
CCNA,Google Associate Cloud Engineer,none,Cloud Engineer
none,AZ-900 (Azure Fundamentals),none,Cloud Support Associate
CCNA,none,Az-700,Azure Network Engineer
Cisco DevNet Associate,Google Associate Cloud Engineer,Az-900,Cloud Engineer
CCNA,Google Associate Cloud Engineer,none,Cloud Infrastructure Engineer
CCNA,none,none,Junior Network Analyst
CCNA,AZ-900 (Azure Fundamentals),none,Cloud Engineer
CCNA,AWS Certified Solutions Architect,Az-900,Junior Cloud Administrator
CCNA,none,Az-900,Cloud Support Associate
none,AWS Certified Solutions Architect,none,Cloud Infrastructure Engineer
none,AWS Certified Cloud Practitioner,Az-900,Cloud Support Associate
CCNA,none,Az-900,Cloud Engineer
CCNA,none,none,Network Support Engineer
none,AWS Certified Cloud Practitioner,Az-900,Cloud Support Associate
Cisco DevNet Associate,AWS Certified Solutions Architect,Az-900,Cloud Engineer
none,none,none,Cloud Support Associate
CCNA,AWS Certified Solutions Architect,Az-700,Azure Network Engineer
Cisco DevNet Associate,AWS Certified Solutions Architect,Az-900,Junior Cloud Administrator
Cisco DevNet Associate,none,Az-900,Cloud Infrastructure Engineer
CCNA,AWS Certified Cloud Practitioner,Az-900,Junior Cloud Administrator
none,AZ-900 (Azure Fundamentals),none,Cloud Support Associate
CCNA,AZ-900 (Azure Fundamentals),Az-700,Azure Network Engineer
CCNA,Google Associate Cloud Engineer,Az-900,Cloud Support Associate
CCNA,AZ-900 (Azure Fundamentals),Az-700,Azure Network Engineer
CCNA,AWS Certified Cloud Practitioner,Az-700,Azure Network Engineer
CCNA,AWS Certified Solutions Architect,none,Junior Cloud Solutions Architect
Cisco DevNet Associate,AWS Certified Solutions Architect,Az-900,Cloud Support Associate
CCNA,Google Associate Cloud Engineer,none,Network Support Engineer
CCNA,none,Az-900,Junior Cloud Administrator
Cisco DevNet Associate,none,none,DevOps Support
Cisco DevNet Associate,none,none,DevOps Support
CCNA,Google Associate Cloud Engineer,Az-900,Cloud Engineer
Cisco DevNet Associate,AWS Certified Cloud Practitioner,Az-700,Azure Network Engineer
none,AWS Certified Cloud Practitioner,Az-700,Azure Network Engineer
none,none,none,Network Support Engineer
none,AZ-900 (Azure Fundamentals),Az-700,Azure Network Engineer
CCNA,none,Az-900,Cloud Support Associate
none,AZ-900 (Azure Fundamentals),none,Technical Support Specialist
none,Google Associate Cloud Engineer,Az-700,Azure Network Engineer
none,AWS Certified Solutions Architect,none,Cloud Infrastructure Engineer
Cisco DevNet Associate,AWS Certified Cloud Practitioner,Az-900,Cloud Engineer
Cisco DevNet Associate,none,Az-900,Cloud Support Associate
none,AWS Certified Solutions Architect,Az-700,Azure Network Engineer
none,AWS Certified Solutions Architect,none,Cloud Infrastructure Engineer
none,AZ-900 (Azure Fundamentals),Az-700,Azure Network Engineer
none,AWS Certified Solutions Architect,none,Junior Cloud Solutions Architect
CCNA,none,none,Network Administrator
CCNA,Google Associate Cloud Engineer,Az-700,Azure Network Engineer
none,AWS Certified Solutions Architect,none,Cloud Infrastructure Engineer
none,AWS Certified Cloud Practitioner,none,Cloud Deployment Engineer
none,AWS Certified Cloud Practitioner,Az-700,Azure Network Engineer
none,none,Az-700,Azure Network Engineer
Cisco DevNet Associate,AWS Certified Solutions Architect,Az-700,Azure Network Engineer
none,AZ-900 (Azure Fundamentals),Az-900,Cloud Infrastructure Engineer
CCNA,none,none,Network Administrator
Cisco DevNet Associate,AWS Certified Solutions Architect,Az-700,Azure Network Engineer
Cisco DevNet Associate,AWS Certified Cloud Practitioner,Az-900,Cloud Engineer
none,AZ-900 (Azure Fundamentals),Az-900,Cloud Engineer
CCNA,AWS Certified Cloud Practitioner,Az-700,Azure Network Engineer
Cisco DevNet Associate,none,Az-900,Cloud Support Associate
Cisco DevNet Associate,none,none,Junior Network Programmer
Cisco DevNet Associate,AWS Certified Solutions Architect,Az-700,Azure Network Engineer
Cisco DevNet Associate,AWS Certified Cloud Practitioner,Az-900,Junior Cloud Administrator
none,AWS Certified Solutions Architect,Az-700,Azure Network Engineer
CCNA,AWS Certified Solutions Architect,Az-900,Cloud Support Associate
Cisco DevNet Associate,AWS Certified Solutions Architect,none,Junior Cloud Solutions Architect
Cisco DevNet Associate,AWS Certified Cloud Practitioner,Az-900,Junior Cloud Administrator
Cisco DevNet Associate,none,Az-700,Azure Network Engineer
CCNA,none,Az-900,Cloud Infrastructure Engineer
Cisco DevNet Associate,AWS Certified Cloud Practitioner,Az-900,Cloud Infrastructure Engineer
Cisco DevNet Associate,AZ-900 (Azure Fundamentals),none,Network Automation Engineer
none,AWS Certified Solutions Architect,none,Cloud Engineer
none,AWS Certified Solutions Architect,Az-700,Azure Network Engineer
none,Google Associate Cloud Engineer,none,Cloud Engineer
none,AZ-900 (Azure Fundamentals),Az-700,Azure Network Engineer
CCNA,AZ-900 (Azure Fundamentals),Az-700,Azure Network Engineer
CCNA,AZ-900 (Azure Fundamentals),none,Cloud Engineer
CCNA,AWS Certified Cloud Practitioner,Az-900,Cloud Engineer
none,none,Az-900,Cloud Infrastructure Engineer
Cisco DevNet Associate,Google Associate Cloud Engineer,Az-700,Azure Network Engineer
CCNA,Google Associate Cloud Engineer,Az-700,Azure Network Engineer
Cisco DevNet Associate,AWS Certified Cloud Practitioner,Az-900,Junior Cloud Administrator
none,AZ-900 (Azure Fundamentals),Az-700,Azure Network Engineer
CCNA,AWS Certified Solutions Architect,Az-700,Azure Network Engineer
Cisco DevNet Associate,AWS Certified Cloud Practitioner,none,Network Automation Engineer
Cisco DevNet Associate,Google Associate Cloud Engineer,none,IT Automation Specialist
CCNA,Google Associate Cloud Engineer,Az-900,Cloud Engineer
none,AZ-900 (Azure Fundamentals),Az-700,Azure Network Engineer
none,AWS Certified Solutions Architect,Az-900,Junior Cloud Administrator
Cisco DevNet Associate,AWS Certified Solutions Architect,Az-900,Cloud Engineer
none,Google Associate Cloud Engineer,Az-700,Azure Network Engineer
Cisco DevNet Associate,AWS Certified Solutions Architect,Az-700,Azure Network Engineer
CCNA,AWS Certified Cloud Practitioner,Az-700,Azure Network Engineer
none,none,Az-700,Azure Network Engineer
Cisco DevNet Associate,none,Az-700,Azure Network Engineer
Cisco DevNet Associate,none,Az-700,Azure Network Engineer
none,AWS Certified Solutions Architect,none,Cloud Infrastructure Engineer
none,AWS Certified Cloud Practitioner,Az-900,Junior Cloud Administrator
CCNA,AWS Certified Solutions Architect,Az-700,Azure Network Engineer
none,none,Az-700,Azure Network Engineer
Cisco DevNet Associate,AZ-900 (Azure Fundamentals),none,Network Automation Engineer
Cisco DevNet Associate,AZ-900 (Azure Fundamentals),none,Network Automation Engineer
none,AWS Certified Cloud Practitioner,Az-700,Azure Network Engineer
Cisco DevNet Associate,Google Associate Cloud Engineer,none,DevOps Support
Cisco DevNet Associate,AZ-900 (Azure Fundamentals),Az-900,Cloud Infrastructure Engineer
CCNA,AWS Certified Cloud Practitioner,Az-700,Azure Network Engineer
Cisco DevNet Associate,AWS Certified Solutions Architect,Az-700,Azure Network Engineer
Cisco DevNet Associate,AWS Certified Cloud Practitioner,Az-700,Azure Network Engineer
none,Google Associate Cloud Engineer,Az-900,Junior Cloud Administrator
Cisco DevNet Associate,none,Az-900,Cloud Engineer
CCNA,AZ-900 (Azure Fundamentals),none,Cloud Deployment Engineer
CCNA,none,Az-700,Azure Network Engineer
Cisco DevNet Associate,AWS Certified Solutions Architect,Az-900,Cloud Infrastructure Engineer
Cisco DevNet Associate,AZ-900 (Azure Fundamentals),Az-700,Azure Network Engineer
none,AWS Certified Cloud Practitioner,none,Cloud Support Associate
none,AWS Certified Cloud Practitioner,Az-700,Azure Network Engineer
CCNA,none,Az-700,Azure Network Engineer
Cisco DevNet Associate,AWS Certified Solutions Architect,none,Junior Cloud Solutions Architect
Cisco DevNet Associate,AWS Certified Cloud Practitioner,Az-700,Azure Network Engineer
Cisco DevNet Associate,Google Associate Cloud Engineer,none,IT Automation Specialist
none,Google Associate Cloud Engineer,Az-900,Cloud Engineer
none,none,Az-700,Azure Network Engineer
CCNA,none,Az-700,Azure Network Engineer
none,AZ-900 (Azure Fundamentals),Az-900,Cloud Infrastructure Engineer
Cisco DevNet Associate,Google Associate Cloud Engineer,Az-900,Junior Cloud Administrator
CCNA,none,Az-900,Cloud Infrastructure Engineer
Cisco DevNet Associate,AWS Certified Cloud Practitioner,Az-700,Azure Network Engineer
CCNA,AZ-900 (Azure Fundamentals),Az-700,Azure Network Engineer
none,AZ-900 (Azure Fundamentals),none,Junior Cloud Administrator
CCNA,AWS Certified Cloud Practitioner,none,Cloud Engineer
none,AWS Certified Cloud Practitioner,Az-900,Cloud Support Associate
none,AWS Certified Cloud Practitioner,none,Cloud Support Associate
CCNA,AWS Certified Solutions Architect,Az-900,Junior Cloud Administrator
none,Google Associate Cloud Engineer,Az-900,Cloud Support Associate
Cisco DevNet Associate,AWS Certified Cloud Practitioner,Az-900,Junior Cloud Administrator
Cisco DevNet Associate,none,Az-700,Azure Network Engineer
CCNA,AZ-900 (Azure Fundamentals),Az-700,Azure Network Engineer
